date,total_cost_spot_only,action_spot_only,total_cost_static_hedge,action_static_hedge,total_cost_heuristic_policy,action_heuristic_policy,total_cost_rl_policy,action_rl_policy
2025-01-01,102948.6,buy_on_spot,100499.58,static_m1_hedge,99450.0,buy_m1_future,99518.6,P=1000|M1=1000|M2=0|M3=0
2025-01-02,136700.40000000002,buy_on_spot,107412.12,static_m1_hedge,94860.0,buy_m1_future,111650.0,P=1000|M1=0|M2=1000|M3=1000
2025-01-03,124786.8,buy_on_spot,105515.94,static_m1_hedge,97257.0,buy_m1_future,58846.8,P=1000|M1=0|M2=500|M3=500
2025-01-04,113801.4,buy_on_spot,102220.31999999999,static_m1_hedge,97257.0,buy_m1_future,73656.4,P=1000|M1=500|M2=0|M3=500
2025-01-05,52468.799999999996,buy_on_spot,83820.54,static_m1_hedge,97257.0,buy_m1_future,96378.8,P=1000|M1=1000|M2=0|M3=0
2025-01-06,46338.6,buy_on_spot,82088.58,static_m1_hedge,97410.0,buy_m1_future,96408.6,P=1000|M1=1000|M2=0|M3=0
2025-01-07,85098.6,buy_on_spot,93966.48,static_m1_hedge,97767.0,buy_m1_future,104800.0,P=1000|M1=500|M2=500|M3=500
2025-01-08,100898.40000000001,buy_on_spot,96278.82,static_m1_hedge,94299.0,buy_m1_future,50228.4,P=1000|M1=0|M2=0|M3=1000
2025-01-09,89148.0,buy_on_spot,90647.4,static_m1_hedge,91290.0,buy_m1_future,129550.0,P=1000|M1=500|M2=1000|M3=500
2025-01-10,113750.4,buy_on_spot,96957.12,static_m1_hedge,89760.0,buy_m1_future,90230.4,P=1000|M1=1000|M2=0|M3=0
2025-01-11,97797.59999999999,buy_on_spot,92171.28,static_m1_hedge,89760.0,buy_m1_future,89917.6,P=1000|M1=1000|M2=0|M3=0
2025-01-12,75194.4,buy_on_spot,85390.32,static_m1_hedge,89760.0,buy_m1_future,89474.4,P=1000|M1=1000|M2=0|M3=0
2025-01-13,128326.2,buy_on_spot,103471.86,static_m1_hedge,92820.0,buy_m1_future,93516.2,P=1000|M1=1000|M2=0|M3=0
2025-01-14,140586.6,buy_on_spot,105900.48000000001,static_m1_hedge,91035.0,buy_m1_future,92006.6,P=1000|M1=1000|M2=0|M3=0
2025-01-15,143493.6,buy_on_spot,106237.08,static_m1_hedge,90270.0,buy_m1_future,105250.0,P=1000|M1=500|M2=1000|M3=0
2025-01-16,137791.80000000002,buy_on_spot,100778.04000000001,static_m1_hedge,84915.0,buy_m1_future,85951.8,P=1000|M1=1000|M2=0|M3=0
2025-01-17,138332.4,buy_on_spot,101047.32,static_m1_hedge,85068.0,buy_m1_future,86112.4,P=1000|M1=1000|M2=0|M3=0
2025-01-18,135823.19999999998,buy_on_spot,100294.56,static_m1_hedge,85068.0,buy_m1_future,86063.2,P=1000|M1=1000|M2=0|M3=0
2025-01-19,127612.2,buy_on_spot,97831.26000000001,static_m1_hedge,85068.0,buy_m1_future,95050.0,P=1000|M1=500|M2=500|M3=500
2025-01-20,147818.4,buy_on_spot,107356.01999999999,static_m1_hedge,90015.0,buy_m1_future,91148.4,P=1000|M1=1000|M2=0|M3=0
2025-01-21,143412.0,buy_on_spot,107997.6,static_m1_hedge,92820.0,buy_m1_future,93812.0,P=1000|M1=1000|M2=0|M3=0
2025-01-22,137659.2,buy_on_spot,104129.76000000001,static_m1_hedge,89760.0,buy_m1_future,90699.2,P=1000|M1=1000|M2=0|M3=0
2025-01-23,143361.0,buy_on_spot,106197.3,static_m1_hedge,90270.0,buy_m1_future,91311.0,P=1000|M1=1000|M2=0|M3=0
2025-01-24,93585.0,buy_on_spot,91514.4,static_m1_hedge,90627.0,buy_m1_future,55435.0,P=1000|M1=0|M2=500|M3=500
2025-01-25,43370.4,buy_on_spot,76450.01999999999,static_m1_hedge,90627.0,buy_m1_future,89700.4,P=1000|M1=1000|M2=0|M3=0
2025-01-26,26948.4,buy_on_spot,71523.42,static_m1_hedge,90627.0,buy_m1_future,89378.4,P=1000|M1=1000|M2=0|M3=0
2025-01-27,22225.8,buy_on_spot,68500.14,static_m1_hedge,88332.0,buy_m1_future,115990.0,P=1000|M1=500|M2=500|M3=1000
2025-01-28,16779.0,buy_on_spot,69258.0,static_m1_hedge,91749.0,buy_m1_future,90279.0,P=1000|M1=1000|M2=0|M3=0
2025-01-29,49765.799999999996,buy_on_spot,83795.04000000001,static_m1_hedge,98379.0,buy_m1_future,97425.8,P=1000|M1=1000|M2=0|M3=0
2025-01-30,43248.0,buy_on_spot,82410.9,static_m1_hedge,99195.0,buy_m1_future,98098.0,P=1000|M1=1000|M2=0|M3=0
2025-01-31,98256.59999999999,buy_on_spot,101769.48,static_m1_hedge,98256.59999999999,do_nothing,103176.6,P=1000|M1=1000|M2=0|M3=0
2025-02-01,97165.20000000001,buy_on_spot,101442.06,static_m1_hedge,103275.0,buy_m1_future,103155.2,P=1000|M1=1000|M2=0|M3=0
2025-02-02,127234.79999999999,buy_on_spot,110462.94,static_m1_hedge,103275.0,buy_m1_future,103744.8,P=1000|M1=1000|M2=0|M3=0
2025-02-03,135711.0,buy_on_spot,81589.8,static_m1_hedge,58395.0,buy_m1_future,79750.0,P=1000|M1=1000|M2=500|M3=0
2025-02-04,146257.8,buy_on_spot,82183.44,static_m1_hedge,54723.0,buy_m1_future,56517.8,P=1000|M1=1000|M2=0|M3=0
2025-02-05,119860.20000000001,buy_on_spot,72479.16,static_m1_hedge,52173.0,buy_m1_future,53500.2,P=1000|M1=1000|M2=0|M3=0
2025-02-06,141372.0,buy_on_spot,77576.1,static_m1_hedge,50235.0,buy_m1_future,62160.0,P=1000|M1=0|M2=1000|M3=500
2025-02-07,120227.40000000001,buy_on_spot,73160.52,static_m1_hedge,52989.0,buy_m1_future,54307.4,P=1000|M1=1000|M2=0|M3=0
2025-02-08,107202.0,buy_on_spot,69252.9,static_m1_hedge,52989.0,buy_m1_future,54052.0,P=1000|M1=1000|M2=0|M3=0
2025-02-09,111792.0,buy_on_spot,70629.9,static_m1_hedge,52989.0,buy_m1_future,54142.0,P=1000|M1=1000|M2=0|M3=0
2025-02-10,142534.80000000002,buy_on_spot,82387.44,static_m1_hedge,56610.0,buy_m1_future,58294.8,P=1000|M1=1000|M2=0|M3=0
2025-02-11,135823.19999999998,buy_on_spot,79588.56,static_m1_hedge,55488.0,buy_m1_future,57063.2,P=1000|M1=1000|M2=0|M3=0
2025-02-12,122257.2,buy_on_spot,73983.66,static_m1_hedge,53295.0,buy_m1_future,54647.2,P=1000|M1=1000|M2=0|M3=0
2025-02-13,133599.59999999998,buy_on_spot,78992.88,static_m1_hedge,55590.0,buy_m1_future,57119.6,P=1000|M1=1000|M2=0|M3=0
2025-02-14,123491.4,buy_on_spot,76781.51999999999,static_m1_hedge,56763.0,buy_m1_future,72705.0,P=1000|M1=500|M2=0|M3=1000
2025-02-15,92238.6,buy_on_spot,67405.68,static_m1_hedge,56763.0,buy_m1_future,74848.6,P=1000|M1=500|M2=0|M3=0
2025-02-16,89984.4,buy_on_spot,66729.42,static_m1_hedge,56763.0,buy_m1_future,57414.4,P=1000|M1=1000|M2=0|M3=0
2025-02-17,140933.4,buy_on_spot,80943.12,static_m1_hedge,55233.0,buy_m1_future,56913.4,P=1000|M1=1000|M2=0|M3=0
2025-02-18,81324.6,buy_on_spot,63595.979999999996,static_m1_hedge,55998.0,buy_m1_future,100280.0,P=1000|M1=1000|M2=0|M3=1000
2025-02-19,126031.2,buy_on_spot,74758.86,static_m1_hedge,52785.0,buy_m1_future,45421.2,P=1000|M1=0|M2=500|M3=500
2025-02-20,89321.4,buy_on_spot,64459.92,static_m1_hedge,53805.0,buy_m1_future,54501.4,P=1000|M1=1000|M2=0|M3=0
2025-02-21,48949.8,buy_on_spot,53954.94,static_m1_hedge,56100.0,buy_m1_future,55959.8,P=1000|M1=1000|M2=0|M3=0
2025-02-22,72256.8,buy_on_spot,60947.04,static_m1_hedge,56100.0,buy_m1_future,56416.8,P=1000|M1=1000|M2=0|M3=0
2025-02-23,67126.2,buy_on_spot,59407.86,static_m1_hedge,56100.0,buy_m1_future,56316.2,P=1000|M1=1000|M2=0|M3=0
2025-02-24,80141.4,buy_on_spot,65989.92,static_m1_hedge,59925.0,buy_m1_future,60321.4,P=1000|M1=1000|M2=0|M3=0
2025-02-25,96736.8,buy_on_spot,73681.73999999999,static_m1_hedge,63801.0,buy_m1_future,53731.8,P=1000|M1=500|M2=0|M3=500
2025-02-26,107446.8,buy_on_spot,73931.64,static_m1_hedge,59568.0,buy_m1_future,60506.8,P=1000|M1=1000|M2=0|M3=0
2025-02-27,122838.6,buy_on_spot,77549.58,static_m1_hedge,58140.0,buy_m1_future,59408.6,P=1000|M1=1000|M2=0|M3=0
2025-02-28,113434.2,buy_on_spot,72050.76,static_m1_hedge,54315.0,buy_m1_future,55474.2,P=1000|M1=1000|M2=0|M3=0
2025-03-01,67146.59999999999,buy_on_spot,58164.479999999996,static_m1_hedge,54315.0,buy_m1_future,54566.6,P=1000|M1=1000|M2=0|M3=0
2025-03-02,66871.2,buy_on_spot,58081.86,static_m1_hedge,54315.0,buy_m1_future,54561.2,P=1000|M1=1000|M2=0|M3=0
2025-03-03,98929.79999999999,buy_on_spot,57489.240000000005,static_m1_hedge,39729.0,buy_m1_future,40889.8,P=1000|M1=1000|M2=0|M3=0
2025-03-04,98368.8,buy_on_spot,56499.84,static_m1_hedge,38556.0,buy_m1_future,39728.8,P=1000|M1=1000|M2=0|M3=0
2025-03-05,80457.59999999999,buy_on_spot,51019.38,static_m1_hedge,38403.0,buy_m1_future,39227.6,P=1000|M1=1000|M2=0|M3=0
2025-03-06,79621.2,buy_on_spot,50304.36,static_m1_hedge,37740.0,buy_m1_future,38561.2,P=1000|M1=1000|M2=0|M3=0
2025-03-07,50051.4,buy_on_spot,39577.02,static_m1_hedge,35088.0,buy_m1_future,35381.4,P=1000|M1=1000|M2=0|M3=0
2025-03-08,15524.400000000001,buy_on_spot,29218.92,static_m1_hedge,35088.0,buy_m1_future,34704.4,P=1000|M1=1000|M2=0|M3=0
2025-03-09,47440.2,buy_on_spot,38793.659999999996,static_m1_hedge,35088.0,buy_m1_future,35330.2,P=1000|M1=1000|M2=0|M3=0
2025-03-10,94849.79999999999,buy_on_spot,54158.94,static_m1_hedge,36720.0,buy_m1_future,37859.8,P=1000|M1=1000|M2=0|M3=0
2025-03-11,98878.8,buy_on_spot,56438.64,static_m1_hedge,38250.0,buy_m1_future,39438.8,P=1000|M1=1000|M2=0|M3=0
2025-03-12,94921.2,buy_on_spot,54394.56,static_m1_hedge,37026.0,buy_m1_future,49056.2,P=1000|M1=0|M2=500|M3=500
2025-03-13,113964.6,buy_on_spot,59250.780000000006,static_m1_hedge,35802.0,buy_m1_future,37334.6,P=1000|M1=1000|M2=0|M3=0
2025-03-14,58833.6,buy_on_spot,41997.479999999996,static_m1_hedge,34782.0,buy_m1_future,35253.6,P=1000|M1=1000|M2=0|M3=0
2025-03-15,49867.8,buy_on_spot,39307.740000000005,static_m1_hedge,34782.0,buy_m1_future,35077.8,P=1000|M1=1000|M2=0|M3=0
2025-03-16,61791.6,buy_on_spot,42884.880000000005,static_m1_hedge,34782.0,buy_m1_future,35311.6,P=1000|M1=1000|M2=0|M3=0
2025-03-17,90423.0,buy_on_spot,51260.1,static_m1_hedge,34476.0,buy_m1_future,49098.0,P=1000|M1=0|M2=500|M3=500
2025-03-18,58833.6,buy_on_spot,41854.67999999999,static_m1_hedge,34578.0,buy_m1_future,35053.6,P=1000|M1=1000|M2=0|M3=0
2025-03-19,29692.2,buy_on_spot,34111.86,static_m1_hedge,36006.0,buy_m1_future,43522.2,P=1000|M1=0|M2=0|M3=500
2025-03-20,23143.800000000003,buy_on_spot,30433.739999999998,static_m1_hedge,33558.0,buy_m1_future,33353.8,P=1000|M1=1000|M2=0|M3=0
2025-03-21,10965.0,buy_on_spot,27208.5,static_m1_hedge,34170.0,buy_m1_future,73150.0,P=1000|M1=0|M2=500|M3=1000
2025-03-22,11454.6,buy_on_spot,27355.38,static_m1_hedge,34170.0,buy_m1_future,33724.6,P=1000|M1=1000|M2=0|M3=0
2025-03-23,29712.6,buy_on_spot,32832.78,static_m1_hedge,34170.0,buy_m1_future,34082.6,P=1000|M1=1000|M2=0|M3=0
2025-03-24,45349.200000000004,buy_on_spot,38416.26,static_m1_hedge,35445.0,buy_m1_future,35714.2,P=1000|M1=500|M2=500|M3=0
2025-03-25,43258.2,buy_on_spot,37182.06,static_m1_hedge,34578.0,buy_m1_future,34748.2,P=1000|M1=1000|M2=0|M3=0
2025-03-26,36934.200000000004,buy_on_spot,36320.16,static_m1_hedge,36057.0,buy_m1_future,36074.2,P=1000|M1=1000|M2=0|M3=0
2025-03-27,55681.8,buy_on_spot,41551.74,static_m1_hedge,35496.0,buy_m1_future,35891.8,P=1000|M1=1000|M2=0|M3=0
2025-03-28,26224.2,buy_on_spot,31929.060000000005,static_m1_hedge,34374.0,buy_m1_future,34214.2,P=1000|M1=1000|M2=0|M3=0
2025-03-29,4406.400000000001,buy_on_spot,25383.72,static_m1_hedge,34374.0,buy_m1_future,33786.4,P=1000|M1=1000|M2=0|M3=0
2025-03-30,3090.6,buy_on_spot,24988.980000000003,static_m1_hedge,34374.0,buy_m1_future,33760.6,P=1000|M1=1000|M2=0|M3=0
2025-03-31,30039.0,buy_on_spot,32502.299999999996,static_m1_hedge,33558.0,buy_m1_future,104850.0,P=1000|M1=500|M2=1000|M3=1000
2025-04-01,59772.0,buy_on_spot,44171.100000000006,static_m1_hedge,37485.0,buy_m1_future,37922.0,P=1000|M1=1000|M2=0|M3=0
2025-04-02,28549.8,buy_on_spot,32662.44,static_m1_hedge,34425.0,buy_m1_future,50449.8,P=1000|M1=0|M2=0|M3=500
2025-04-03,22542.0,buy_on_spot,29967.6,static_m1_hedge,33150.0,buy_m1_future,37092.0,P=1000|M1=0|M2=500|M3=0
2025-04-04,11464.800000000001,buy_on_spot,25323.539999999997,static_m1_hedge,31263.0,buy_m1_future,30874.8,P=1000|M1=1000|M2=0|M3=0
2025-04-05,24908.4,buy_on_spot,29356.62,static_m1_hedge,31263.0,buy_m1_future,24908.4,P=1000|M1=0|M2=0|M3=0
2025-04-06,27091.199999999997,buy_on_spot,30011.46,static_m1_hedge,31263.0,buy_m1_future,27091.199999999997,P=1000|M1=0|M2=0|M3=0
2025-04-07,57262.8,buy_on_spot,38598.84,static_m1_hedge,30600.0,buy_m1_future,31122.8,P=1000|M1=1000|M2=0|M3=0
2025-04-08,48623.4,buy_on_spot,36114.119999999995,static_m1_hedge,30753.0,buy_m1_future,31103.4,P=1000|M1=1000|M2=0|M3=0
2025-04-09,32619.600000000002,buy_on_spot,30456.18,static_m1_hedge,29529.0,buy_m1_future,29589.6,P=1000|M1=1000|M2=0|M3=0
2025-04-10,19584.0,buy_on_spot,26295.600000000002,static_m1_hedge,29172.0,buy_m1_future,47384.0,P=1000|M1=0|M2=1000|M3=0
2025-04-11,18717.0,buy_on_spot,26206.86,static_m1_hedge,29416.8,buy_m1_future,29207.0,P=1000|M1=1000|M2=0|M3=0
2025-04-12,27550.2,buy_on_spot,28856.82,static_m1_hedge,29416.8,buy_m1_future,82170.0,P=1000|M1=500|M2=0|M3=1000
2025-04-13,18717.0,buy_on_spot,26206.86,static_m1_hedge,29416.8,buy_m1_future,29207.0,P=1000|M1=1000|M2=0|M3=0
2025-04-14,25030.8,buy_on_spot,28358.04,static_m1_hedge,29784.0,buy_m1_future,29690.8,P=1000|M1=1000|M2=0|M3=0
2025-04-15,11964.6,buy_on_spot,23688.48,static_m1_hedge,28713.0,buy_m1_future,11964.6,P=1000|M1=0|M2=0|M3=0
2025-04-16,12382.800000000001,buy_on_spot,24206.64,static_m1_hedge,29274.0,buy_m1_future,45742.8,P=1000|M1=0|M2=1000|M3=0
2025-04-17,22378.800000000003,buy_on_spot,27776.64,static_m1_hedge,30090.0,buy_m1_future,29938.8,P=1000|M1=1000|M2=0|M3=0
2025-04-18,12597.0,buy_on_spot,24842.1,static_m1_hedge,30090.0,buy_m1_future,55167.0,P=1000|M1=0|M2=500|M3=500
2025-04-19,1754.3999999999999,buy_on_spot,21589.32,static_m1_hedge,30090.0,buy_m1_future,29534.4,P=1000|M1=1000|M2=0|M3=0
2025-04-20,10924.2,buy_on_spot,24340.260000000002,static_m1_hedge,30090.0,buy_m1_future,29714.2,P=1000|M1=1000|M2=0|M3=0
2025-04-21,50071.8,buy_on_spot,36084.54,static_m1_hedge,30090.0,buy_m1_future,79340.0,P=1000|M1=500|M2=0|M3=1000
2025-04-22,65677.8,buy_on_spot,40944.84,static_m1_hedge,30345.0,buy_m1_future,31037.8,P=1000|M1=1000|M2=0|M3=0
2025-04-23,45114.6,buy_on_spot,36168.18,static_m1_hedge,32334.0,buy_m1_future,32584.6,P=1000|M1=1000|M2=0|M3=0
2025-04-24,44400.6,buy_on_spot,35632.68,static_m1_hedge,31875.0,buy_m1_future,32120.6,P=1000|M1=1000|M2=0|M3=0
2025-04-25,46573.2,buy_on_spot,35249.16,static_m1_hedge,30396.0,buy_m1_future,30713.2,P=1000|M1=1000|M2=0|M3=0
2025-04-26,5650.8,buy_on_spot,22972.440000000002,static_m1_hedge,30396.0,buy_m1_future,29910.8,P=1000|M1=1000|M2=0|M3=0
2025-04-27,11199.6,buy_on_spot,24637.08,static_m1_hedge,30396.0,buy_m1_future,59950.0,P=1000|M1=500|M2=1000|M3=0
2025-04-28,18870.0,buy_on_spot,26010.0,static_m1_hedge,29070.0,buy_m1_future,81900.0,P=1000|M1=1000|M2=500|M3=500
2025-04-29,5905.8,buy_on_spot,22120.74,static_m1_hedge,29070.0,buy_m1_future,28615.8,P=1000|M1=1000|M2=0|M3=0
2025-04-30,32466.6,buy_on_spot,30695.88,static_m1_hedge,29937.0,buy_m1_future,99575.0,P=1000|M1=500|M2=500|M3=1000
2025-05-01,13555.8,buy_on_spot,25022.64,static_m1_hedge,29937.0,buy_m1_future,51500.0,P=1000|M1=1000|M2=500|M3=0
2025-05-02,11158.8,buy_on_spot,34942.14,static_m1_hedge,11158.8,do_nothing,44468.8,P=1000|M1=1000|M2=0|M3=0
2025-05-03,16493.4,buy_on_spot,36542.520000000004,static_m1_hedge,45135.0,buy_m1_future,44573.4,P=1000|M1=1000|M2=0|M3=0
2025-05-04,11220.0,buy_on_spot,34960.5,static_m1_hedge,45135.0,buy_m1_future,44470.0,P=1000|M1=1000|M2=0|M3=0
2025-05-05,11107.800000000001,buy_on_spot,32784.84,static_m1_hedge,42075.0,buy_m1_future,41467.8,P=1000|M1=1000|M2=0|M3=0
2025-05-06,10444.800000000001,buy_on_spot,32050.44,static_m1_hedge,41310.0,buy_m1_future,63819.8,P=1000|M1=0|M2=500|M3=500
2025-05-07,19390.2,buy_on_spot,33770.159999999996,static_m1_hedge,39933.0,buy_m1_future,146735.0,P=1000|M1=500|M2=1000|M3=1000
2025-05-08,17095.2,buy_on_spot,33402.96,static_m1_hedge,40392.0,buy_m1_future,85320.0,P=1000|M1=500|M2=0|M3=1000
2025-05-09,18604.8,buy_on_spot,32749.139999999996,static_m1_hedge,38811.0,buy_m1_future,38414.8,P=1000|M1=1000|M2=0|M3=0
2025-05-10,9261.6,buy_on_spot,29946.179999999997,static_m1_hedge,38811.0,buy_m1_future,38231.6,P=1000|M1=1000|M2=0|M3=0
2025-05-11,2254.2,buy_on_spot,27843.959999999995,static_m1_hedge,38811.0,buy_m1_future,38094.2,P=1000|M1=1000|M2=0|M3=0
2025-05-12,22123.800000000003,buy_on_spot,33383.58,static_m1_hedge,38209.200000000004,buy_m1_future,37893.8,P=1000|M1=1000|M2=0|M3=0
2025-05-13,42248.4,buy_on_spot,38949.72,static_m1_hedge,37536.0,buy_m1_future,37628.4,P=1000|M1=1000|M2=0|M3=0
2025-05-14,31161.0,buy_on_spot,34838.100000000006,static_m1_hedge,36414.0,buy_m1_future,36311.0,P=1000|M1=1000|M2=0|M3=0
2025-05-15,11852.4,buy_on_spot,28974.120000000003,static_m1_hedge,36312.0,buy_m1_future,35832.4,P=1000|M1=1000|M2=0|M3=0
2025-05-16,4773.599999999999,buy_on_spot,26886.18,static_m1_hedge,36363.0,buy_m1_future,35743.6,P=1000|M1=1000|M2=0|M3=0
2025-05-17,10852.800000000001,buy_on_spot,28709.94,static_m1_hedge,36363.0,buy_m1_future,10852.800000000001,P=1000|M1=0|M2=0|M3=0
2025-05-18,6895.2,buy_on_spot,27522.66,static_m1_hedge,36363.0,buy_m1_future,35785.2,P=1000|M1=1000|M2=0|M3=0
2025-05-19,13107.0,buy_on_spot,30957.0,static_m1_hedge,38607.0,buy_m1_future,38107.0,P=1000|M1=1000|M2=0|M3=0
2025-05-20,13678.2,buy_on_spot,34805.46,static_m1_hedge,43860.0,buy_m1_future,43268.2,P=1000|M1=1000|M2=0|M3=0
2025-05-21,20593.800000000003,buy_on_spot,37379.94,static_m1_hedge,44574.0,buy_m1_future,104730.0,P=1000|M1=0|M2=500|M3=1000
2025-05-22,3417.0,buy_on_spot,31370.1,static_m1_hedge,43350.0,buy_m1_future,71067.0,P=1000|M1=0|M2=0|M3=1000
2025-05-23,5212.200000000001,buy_on_spot,29980.859999999997,static_m1_hedge,40596.0,buy_m1_future,39902.2,P=1000|M1=1000|M2=0|M3=0
2025-05-24,7344.0,buy_on_spot,30620.399999999998,static_m1_hedge,40596.0,buy_m1_future,39944.0,P=1000|M1=1000|M2=0|M3=0
2025-05-25,6599.4,buy_on_spot,30397.019999999997,static_m1_hedge,40596.0,buy_m1_future,102975.0,P=1000|M1=0|M2=1000|M3=500
2025-05-26,17523.6,buy_on_spot,33781.380000000005,static_m1_hedge,40749.0,buy_m1_future,40293.6,P=1000|M1=1000|M2=0|M3=0
2025-05-27,27376.8,buy_on_spot,36630.24,static_m1_hedge,40596.0,buy_m1_future,40336.8,P=1000|M1=1000|M2=0|M3=0
2025-05-28,28335.600000000002,buy_on_spot,37132.08,static_m1_hedge,40902.0,buy_m1_future,40655.6,P=1000|M1=1000|M2=0|M3=0
2025-05-29,35710.2,buy_on_spot,39165.96,static_m1_hedge,40647.0,buy_m1_future,40550.2,P=1000|M1=1000|M2=0|M3=0
2025-05-30,44839.200000000004,buy_on_spot,42725.76,static_m1_hedge,41820.0,buy_m1_future,41879.2,P=1000|M1=1000|M2=0|M3=0
2025-05-31,41044.8,buy_on_spot,41587.44,static_m1_hedge,41820.0,buy_m1_future,41804.8,P=1000|M1=1000|M2=0|M3=0
2025-06-01,19890.0,buy_on_spot,35241.0,static_m1_hedge,41820.0,buy_m1_future,41390.0,P=1000|M1=1000|M2=0|M3=0
2025-06-02,31752.6,buy_on_spot,57449.46,static_m1_hedge,31752.6,do_nothing,67742.6,P=1000|M1=1000|M2=0|M3=0
2025-06-03,52723.799999999996,buy_on_spot,65797.14,static_m1_hedge,71400.0,buy_m1_future,71033.8,P=1000|M1=1000|M2=0|M3=0
2025-06-04,59731.200000000004,buy_on_spot,69684.36,static_m1_hedge,73950.0,buy_m1_future,108340.0,P=1000|M1=1000|M2=500|M3=0
2025-06-05,60710.4,buy_on_spot,70585.01999999999,static_m1_hedge,60710.4,do_nothing,74540.4,P=1000|M1=1000|M2=0|M3=0
2025-06-06,72970.8,buy_on_spot,74013.24,static_m1_hedge,72970.8,do_nothing,74430.8,P=1000|M1=1000|M2=0|M3=0
2025-06-07,50561.4,buy_on_spot,67290.42,static_m1_hedge,74460.0,buy_m1_future,73991.4,P=1000|M1=1000|M2=0|M3=0
2025-06-08,38576.4,buy_on_spot,63694.92,static_m1_hedge,74460.0,buy_m1_future,73756.4,P=1000|M1=1000|M2=0|M3=0
2025-06-09,62740.2,buy_on_spot,71758.01999999999,static_m1_hedge,75622.8,buy_m1_future,70935.2,P=1000|M1=0|M2=0|M3=500
2025-06-10,102193.8,buy_on_spot,83529.84,static_m1_hedge,75531.0,buy_m1_future,76053.8,P=1000|M1=1000|M2=0|M3=0
2025-06-11,75102.59999999999,buy_on_spot,77008.98,static_m1_hedge,77826.0,buy_m1_future,76622.6,P=1000|M1=500|M2=500|M3=0
2025-06-12,63668.4,buy_on_spot,73078.92,static_m1_hedge,63668.4,do_nothing,76848.4,P=1000|M1=1000|M2=0|M3=0
2025-06-13,71124.6,buy_on_spot,76208.28,static_m1_hedge,71124.6,do_nothing,78244.6,P=1000|M1=1000|M2=0|M3=0
2025-06-14,57813.6,buy_on_spot,72214.98,static_m1_hedge,78387.0,buy_m1_future,79833.6,P=1000|M1=500|M2=0|M3=500
2025-06-15,22776.6,buy_on_spot,61703.87999999999,static_m1_hedge,78387.0,buy_m1_future,77296.6,P=1000|M1=1000|M2=0|M3=0
2025-06-16,53407.2,buy_on_spot,71000.16,static_m1_hedge,78540.0,buy_m1_future,120240.0,P=1000|M1=0|M2=500|M3=1000
2025-06-17,96022.8,buy_on_spot,84962.94,static_m1_hedge,80223.0,buy_m1_future,80532.8,P=1000|M1=1000|M2=0|M3=0
2025-06-18,108446.4,buy_on_spot,88761.42,static_m1_hedge,80325.0,buy_m1_future,80876.4,P=1000|M1=1000|M2=0|M3=0
2025-06-19,118789.2,buy_on_spot,94898.76,static_m1_hedge,84660.0,buy_m1_future,85329.2,P=1000|M1=1000|M2=0|M3=0
2025-06-20,115515.0,buy_on_spot,93916.5,static_m1_hedge,84660.0,buy_m1_future,85265.0,P=1000|M1=1000|M2=0|M3=0
2025-06-21,78529.79999999999,buy_on_spot,82820.94,static_m1_hedge,84660.0,buy_m1_future,84539.8,P=1000|M1=1000|M2=0|M3=0
2025-06-22,68595.0,buy_on_spot,79840.5,static_m1_hedge,84660.0,buy_m1_future,84470.0,P=1000|M1=0|M2=500|M3=500
2025-06-23,112771.2,buy_on_spot,95235.36,static_m1_hedge,87720.0,buy_m1_future,88211.2,P=1000|M1=1000|M2=0|M3=0
2025-06-24,99123.6,buy_on_spot,86143.08,static_m1_hedge,80580.0,buy_m1_future,80943.6,P=1000|M1=1000|M2=0|M3=0
2025-06-25,82681.2,buy_on_spot,81388.86,static_m1_hedge,80835.0,buy_m1_future,80871.2,P=1000|M1=1000|M2=0|M3=0
2025-06-26,94890.6,buy_on_spot,83980.68,static_m1_hedge,79305.0,buy_m1_future,79610.6,P=1000|M1=1000|M2=0|M3=0
2025-06-27,94962.0,buy_on_spot,83288.1,static_m1_hedge,78285.0,buy_m1_future,78612.0,P=1000|M1=1000|M2=0|M3=0
2025-06-28,69757.8,buy_on_spot,75726.84,static_m1_hedge,78285.0,buy_m1_future,71977.8,P=1000|M1=0|M2=500|M3=0
2025-06-29,72491.4,buy_on_spot,76546.92,static_m1_hedge,78285.0,buy_m1_future,78171.4,P=1000|M1=1000|M2=0|M3=0
2025-06-30,113158.8,buy_on_spot,87604.74,static_m1_hedge,76653.0,buy_m1_future,77368.8,P=1000|M1=1000|M2=0|M3=0
2025-07-01,113424.0,buy_on_spot,85935.0,static_m1_hedge,74154.0,buy_m1_future,74924.0,P=1000|M1=1000|M2=0|M3=0
2025-07-02,102367.2,buy_on_spot,85259.76000000001,static_m1_hedge,77928.0,buy_m1_future,78407.2,P=1000|M1=1000|M2=0|M3=0
2025-07-03,93156.59999999999,buy_on_spot,83781.78,static_m1_hedge,79764.0,buy_m1_future,80026.6,P=1000|M1=1000|M2=0|M3=0
2025-07-04,101622.59999999999,buy_on_spot,86357.28,static_m1_hedge,79815.0,buy_m1_future,80242.6,P=1000|M1=1000|M2=0|M3=0
2025-07-05,73797.0,buy_on_spot,78009.6,static_m1_hedge,79815.0,buy_m1_future,79697.0,P=1000|M1=1000|M2=0|M3=0
2025-07-06,57232.2,buy_on_spot,73040.16,static_m1_hedge,79815.0,buy_m1_future,117025.0,P=1000|M1=500|M2=1000|M3=0
2025-07-07,61567.2,buy_on_spot,71663.16,static_m1_hedge,75990.0,buy_m1_future,151125.0,P=1000|M1=500|M2=1000|M3=500
2025-07-08,46053.0,buy_on_spot,66723.29999999999,static_m1_hedge,75582.0,buy_m1_future,75003.0,P=1000|M1=1000|M2=0|M3=0
2025-07-09,91494.0,buy_on_spot,80891.09999999999,static_m1_hedge,76347.0,buy_m1_future,76644.0,P=1000|M1=1000|M2=0|M3=0
2025-07-10,109109.4,buy_on_spot,87175.32,static_m1_hedge,77775.0,buy_m1_future,78389.4,P=1000|M1=1000|M2=0|M3=0
2025-07-11,100215.0,buy_on_spot,83793.0,static_m1_hedge,76755.0,buy_m1_future,77215.0,P=1000|M1=1000|M2=0|M3=0
2025-07-12,77428.2,buy_on_spot,76956.95999999999,static_m1_hedge,76755.0,buy_m1_future,77428.2,P=1000|M1=0|M2=0|M3=0
2025-07-13,65881.8,buy_on_spot,73493.04000000001,static_m1_hedge,76755.0,buy_m1_future,78791.8,P=1000|M1=0|M2=1000|M3=0
2025-07-14,85884.0,buy_on_spot,78672.59999999999,static_m1_hedge,75582.0,buy_m1_future,188800.0,P=1000|M1=1000|M2=500|M3=1000
2025-07-15,84772.2,buy_on_spot,78481.86,static_m1_hedge,75786.0,buy_m1_future,75962.2,P=1000|M1=1000|M2=0|M3=0
2025-07-16,104019.6,buy_on_spot,84006.18000000001,static_m1_hedge,75429.0,buy_m1_future,75989.6,P=1000|M1=1000|M2=0|M3=0
2025-07-17,104907.0,buy_on_spot,83594.1,static_m1_hedge,74460.0,buy_m1_future,75057.0,P=1000|M1=1000|M2=0|M3=0
2025-07-18,96981.59999999999,buy_on_spot,79824.18,static_m1_hedge,72471.0,buy_m1_future,72951.6,P=1000|M1=1000|M2=0|M3=0
2025-07-19,51163.2,buy_on_spot,66078.66,static_m1_hedge,72471.0,buy_m1_future,72053.2,P=1000|M1=1000|M2=0|M3=0
2025-07-20,27764.399999999998,buy_on_spot,59059.02,static_m1_hedge,72471.0,buy_m1_future,71594.4,P=1000|M1=1000|M2=0|M3=0
2025-07-21,58762.2,buy_on_spot,66894.66,static_m1_hedge,70380.0,buy_m1_future,70152.2,P=1000|M1=1000|M2=0|M3=0
2025-07-22,83517.59999999999,buy_on_spot,73607.28,static_m1_hedge,69360.0,buy_m1_future,106000.0,P=1000|M1=0|M2=500|M3=1000
2025-07-23,86118.6,buy_on_spot,72495.48,static_m1_hedge,66657.0,buy_m1_future,70738.6,P=1000|M1=0|M2=0|M3=1000
2025-07-24,47124.0,buy_on_spot,60297.3,static_m1_hedge,65943.0,buy_m1_future,65574.0,P=1000|M1=1000|M2=0|M3=0
2025-07-25,42687.0,buy_on_spot,57966.6,static_m1_hedge,64515.0,buy_m1_future,64087.0,P=1000|M1=1000|M2=0|M3=0
2025-07-26,39300.6,buy_on_spot,56950.68,static_m1_hedge,64515.0,buy_m1_future,64020.6,P=1000|M1=1000|M2=0|M3=0
2025-07-27,33037.8,buy_on_spot,55071.84,static_m1_hedge,64515.0,buy_m1_future,63897.8,P=1000|M1=1000|M2=0|M3=0
2025-07-28,34904.4,buy_on_spot,57595.32,static_m1_hedge,67320.0,buy_m1_future,66684.4,P=1000|M1=1000|M2=0|M3=0
2025-07-29,32793.0,buy_on_spot,59460.9,static_m1_hedge,70890.0,buy_m1_future,70143.0,P=1000|M1=1000|M2=0|M3=0
2025-07-30,41269.200000000004,buy_on_spot,63146.159999999996,static_m1_hedge,72522.0,buy_m1_future,71909.2,P=1000|M1=1000|M2=0|M3=0
2025-07-31,65504.4,buy_on_spot,69631.32,static_m1_hedge,65504.4,do_nothing,72624.4,P=1000|M1=500|M2=0|M3=500
2025-08-01,66085.8,buy_on_spot,70876.74,static_m1_hedge,66085.8,do_nothing,72795.8,P=1000|M1=1000|M2=0|M3=0
2025-08-02,37984.8,buy_on_spot,62446.44,static_m1_hedge,72930.0,buy_m1_future,72244.8,P=1000|M1=1000|M2=0|M3=0
2025-08-03,30477.6,buy_on_spot,60194.28,static_m1_hedge,72930.0,buy_m1_future,72097.6,P=1000|M1=1000|M2=0|M3=0
2025-08-04,66861.0,buy_on_spot,71537.7,static_m1_hedge,73542.0,buy_m1_future,181750.0,P=1000|M1=500|M2=1000|M3=1000
2025-08-05,58333.799999999996,buy_on_spot,69657.84,static_m1_hedge,74511.0,buy_m1_future,74193.8,P=1000|M1=1000|M2=0|M3=0
2025-08-06,79835.4,buy_on_spot,75537.12,static_m1_hedge,73695.0,buy_m1_future,73815.4,P=1000|M1=1000|M2=0|M3=0
2025-08-07,85741.2,buy_on_spot,76416.36,static_m1_hedge,72420.0,buy_m1_future,72681.2,P=1000|M1=1000|M2=0|M3=0
2025-08-08,75571.8,buy_on_spot,73329.84,static_m1_hedge,75571.8,do_nothing,72431.8,P=1000|M1=1000|M2=0|M3=0
2025-08-09,63270.6,buy_on_spot,69639.48000000001,static_m1_hedge,72369.0,buy_m1_future,72190.6,P=1000|M1=1000|M2=0|M3=0
2025-08-10,56559.0,buy_on_spot,67626.0,static_m1_hedge,72369.0,buy_m1_future,72059.0,P=1000|M1=1000|M2=0|M3=0
2025-08-11,81712.2,buy_on_spot,76207.26000000001,static_m1_hedge,73848.0,buy_m1_future,74002.2,P=1000|M1=1000|M2=0|M3=0
2025-08-12,91494.0,buy_on_spot,77642.4,static_m1_hedge,71706.0,buy_m1_future,72094.0,P=1000|M1=1000|M2=0|M3=0
2025-08-13,103224.0,buy_on_spot,81554.09999999999,static_m1_hedge,72267.0,buy_m1_future,72874.0,P=1000|M1=1000|M2=0|M3=0
2025-08-14,98634.0,buy_on_spot,79534.5,static_m1_hedge,71349.0,buy_m1_future,71884.0,P=1000|M1=1000|M2=0|M3=0
2025-08-15,70655.4,buy_on_spot,70676.81999999999,static_m1_hedge,70686.0,buy_m1_future,70685.4,P=1000|M1=1000|M2=0|M3=0
2025-08-16,75582.0,buy_on_spot,72154.79999999999,static_m1_hedge,70686.0,buy_m1_future,70782.0,P=1000|M1=1000|M2=0|M3=0
2025-08-17,70074.0,buy_on_spot,70502.4,static_m1_hedge,70686.0,buy_m1_future,70674.0,P=1000|M1=1000|M2=0|M3=0
2025-08-18,98613.6,buy_on_spot,78493.08,static_m1_hedge,69870.0,buy_m1_future,70433.6,P=1000|M1=1000|M2=0|M3=0
2025-08-19,79274.4,buy_on_spot,72405.72,static_m1_hedge,69462.0,buy_m1_future,69654.4,P=1000|M1=1000|M2=0|M3=0
2025-08-20,69676.2,buy_on_spot,69633.36,static_m1_hedge,69615.0,buy_m1_future,69616.2,P=1000|M1=1000|M2=0|M3=0
2025-08-21,54967.8,buy_on_spot,66113.34,static_m1_hedge,70890.0,buy_m1_future,70577.8,P=1000|M1=1000|M2=0|M3=0
2025-08-22,54682.2,buy_on_spot,67170.06,static_m1_hedge,72522.0,buy_m1_future,72172.2,P=1000|M1=1000|M2=0|M3=0
2025-08-23,64668.0,buy_on_spot,70165.79999999999,static_m1_hedge,72522.0,buy_m1_future,72368.0,P=1000|M1=1000|M2=0|M3=0
2025-08-24,63525.6,buy_on_spot,69823.07999999999,static_m1_hedge,72522.0,buy_m1_future,72345.6,P=1000|M1=1000|M2=0|M3=0
2025-08-25,94146.0,buy_on_spot,79152.0,static_m1_hedge,72726.0,buy_m1_future,73146.0,P=1000|M1=1000|M2=0|M3=0
2025-08-26,89505.0,buy_on_spot,77352.72,static_m1_hedge,72144.6,buy_m1_future,72485.0,P=1000|M1=1000|M2=0|M3=0
2025-08-27,89790.6,buy_on_spot,75917.57999999999,static_m1_hedge,69972.0,buy_m1_future,70360.6,P=1000|M1=1000|M2=0|M3=0
2025-08-28,54916.8,buy_on_spot,64241.64000000001,static_m1_hedge,68238.0,buy_m1_future,67976.8,P=1000|M1=1000|M2=0|M3=0
2025-08-29,46665.0,buy_on_spot,61980.3,static_m1_hedge,46665.0,do_nothing,68115.0,P=1000|M1=1000|M2=0|M3=0
2025-08-30,53662.2,buy_on_spot,64079.46000000001,static_m1_hedge,68544.0,buy_m1_future,72377.2,P=1000|M1=0|M2=500|M3=500
2025-08-31,38046.0,buy_on_spot,59394.600000000006,static_m1_hedge,68544.0,buy_m1_future,67946.0,P=1000|M1=1000|M2=0|M3=0
2025-09-01,31242.6,buy_on_spot,58396.02,static_m1_hedge,70033.2,buy_m1_future,69272.6,P=1000|M1=1000|M2=0|M3=0
2025-09-02,62322.0,buy_on_spot,67855.5,static_m1_hedge,70227.0,buy_m1_future,70072.0,P=1000|M1=1000|M2=0|M3=0
2025-09-03,56202.0,buy_on_spot,65484.0,static_m1_hedge,69462.0,buy_m1_future,69202.0,P=1000|M1=1000|M2=0|M3=0
2025-09-04,56763.0,buy_on_spot,65402.399999999994,static_m1_hedge,56763.0,do_nothing,68863.0,P=1000|M1=1000|M2=0|M3=0
2025-09-05,56426.4,buy_on_spot,65372.81999999999,static_m1_hedge,56426.4,do_nothing,68956.4,P=1000|M1=1000|M2=0|M3=0
2025-09-06,27070.8,buy_on_spot,56566.13999999999,static_m1_hedge,69207.0,buy_m1_future,27070.8,P=1000|M1=0|M2=0|M3=0
2025-09-07,32476.8,buy_on_spot,58187.939999999995,static_m1_hedge,69207.0,buy_m1_future,68486.8,P=1000|M1=1000|M2=0|M3=0
2025-09-08,77897.40000000001,buy_on_spot,73170.72,static_m1_hedge,71145.0,buy_m1_future,71277.4,P=1000|M1=1000|M2=0|M3=0
2025-09-09,64831.200000000004,buy_on_spot,69036.66,static_m1_hedge,70839.0,buy_m1_future,70721.2,P=1000|M1=1000|M2=0|M3=0
2025-09-10,52591.200000000004,buy_on_spot,65757.36,static_m1_hedge,71400.0,buy_m1_future,61811.2,P=1000|M1=500|M2=0|M3=0
2025-09-11,55508.4,buy_on_spot,66668.22,static_m1_hedge,55508.4,do_nothing,71138.4,P=1000|M1=1000|M2=0|M3=0
2025-09-12,74592.59999999999,buy_on_spot,72714.78,static_m1_hedge,74592.59999999999,do_nothing,71962.6,P=1000|M1=1000|M2=0|M3=0
2025-09-13,62056.8,buy_on_spot,68954.04000000001,static_m1_hedge,71910.0,buy_m1_future,71716.8,P=1000|M1=1000|M2=0|M3=0
2025-09-14,49847.399999999994,buy_on_spot,65291.22,static_m1_hedge,71910.0,buy_m1_future,73902.4,P=1000|M1=500|M2=0|M3=500
2025-09-15,68217.59999999999,buy_on_spot,70445.28,static_m1_hedge,71400.0,buy_m1_future,71337.6,P=1000|M1=1000|M2=0|M3=0
2025-09-16,74001.0,buy_on_spot,72251.7,static_m1_hedge,71502.0,buy_m1_future,71551.0,P=1000|M1=1000|M2=0|M3=0
2025-09-17,87730.20000000001,buy_on_spot,77727.06,static_m1_hedge,73440.0,buy_m1_future,73720.2,P=1000|M1=1000|M2=0|M3=0
2025-09-18,98950.20000000001,buy_on_spot,81878.45999999999,static_m1_hedge,74562.0,buy_m1_future,75040.2,P=1000|M1=1000|M2=0|M3=0
2025-09-19,91341.0,buy_on_spot,79060.2,static_m1_hedge,73797.0,buy_m1_future,74141.0,P=1000|M1=1000|M2=0|M3=0
2025-09-20,67381.2,buy_on_spot,71872.26,static_m1_hedge,73797.0,buy_m1_future,73671.2,P=1000|M1=1000|M2=0|M3=0
2025-09-21,43135.799999999996,buy_on_spot,64598.63999999999,static_m1_hedge,73797.0,buy_m1_future,75015.8,P=1000|M1=0|M2=0|M3=1000
2025-09-22,35220.6,buy_on_spot,61081.68,static_m1_hedge,72165.0,buy_m1_future,71440.6,P=1000|M1=1000|M2=0|M3=0
2025-09-23,52591.200000000004,buy_on_spot,66899.76,static_m1_hedge,73032.0,buy_m1_future,72631.2,P=1000|M1=1000|M2=0|M3=0
2025-09-24,47328.0,buy_on_spot,65070.9,static_m1_hedge,72675.0,buy_m1_future,61128.0,P=1000|M1=0|M2=0|M3=500
2025-09-25,80988.0,buy_on_spot,75990.0,static_m1_hedge,73848.0,buy_m1_future,73988.0,P=1000|M1=1000|M2=0|M3=0
2025-09-26,93483.0,buy_on_spot,79952.70000000001,static_m1_hedge,74154.0,buy_m1_future,74533.0,P=1000|M1=1000|M2=0|M3=0
2025-09-27,73225.8,buy_on_spot,73875.54000000001,static_m1_hedge,74154.0,buy_m1_future,74135.8,P=1000|M1=1000|M2=0|M3=0
2025-09-28,49765.799999999996,buy_on_spot,66837.54000000001,static_m1_hedge,74154.0,buy_m1_future,111190.0,P=1000|M1=500|M2=0|M3=1000
2025-09-29,60241.200000000004,buy_on_spot,70622.76,static_m1_hedge,75072.0,buy_m1_future,74781.2,P=1000|M1=1000|M2=0|M3=0
2025-09-30,84456.0,buy_on_spot,78815.40000000001,static_m1_hedge,76398.0,buy_m1_future,76556.0,P=1000|M1=1000|M2=0|M3=0
2025-10-01,88821.59999999999,buy_on_spot,79839.48,static_m1_hedge,75990.0,buy_m1_future,76241.6,P=1000|M1=1000|M2=0|M3=0
2025-10-02,87913.8,buy_on_spot,79210.14,static_m1_hedge,75480.0,buy_m1_future,75723.8,P=1000|M1=1000|M2=0|M3=0
2025-10-03,95115.0,buy_on_spot,82620.0,static_m1_hedge,77265.0,buy_m1_future,77615.0,P=1000|M1=1000|M2=0|M3=0
2025-10-04,54162.0,buy_on_spot,70334.1,static_m1_hedge,77265.0,buy_m1_future,111250.0,P=1000|M1=0|M2=500|M3=1000
2025-10-05,24796.199999999997,buy_on_spot,61524.36,static_m1_hedge,77265.0,buy_m1_future,149750.0,P=1000|M1=1000|M2=1000|M3=0
2025-10-06,80631.0,buy_on_spot,79774.2,static_m1_hedge,79407.0,buy_m1_future,79431.0,P=1000|M1=1000|M2=0|M3=0
2025-10-07,100623.0,buy_on_spot,86235.9,static_m1_hedge,80070.0,buy_m1_future,113760.0,P=1000|M1=500|M2=0|M3=1000
2025-10-08,101173.8,buy_on_spot,85115.94,static_m1_hedge,78234.0,buy_m1_future,78683.8,P=1000|M1=1000|M2=0|M3=0
2025-10-09,65922.59999999999,buy_on_spot,73505.28,static_m1_hedge,76755.0,buy_m1_future,76542.6,P=1000|M1=1000|M2=0|M3=0
2025-10-10,80804.4,buy_on_spot,78148.32,static_m1_hedge,77010.0,buy_m1_future,77084.4,P=1000|M1=1000|M2=0|M3=0
2025-10-11,75174.0,buy_on_spot,76459.2,static_m1_hedge,77010.0,buy_m1_future,110725.0,P=1000|M1=0|M2=1000|M3=500
2025-10-12,65922.59999999999,buy_on_spot,73683.78,static_m1_hedge,77010.0,buy_m1_future,70507.6,P=1000|M1=0|M2=500|M3=0
2025-10-13,104407.2,buy_on_spot,84015.36,static_m1_hedge,75276.0,buy_m1_future,75847.2,P=1000|M1=1000|M2=0|M3=0
2025-10-14,110404.79999999999,buy_on_spot,86535.78,static_m1_hedge,76306.2,buy_m1_future,76974.8,P=1000|M1=1000|M2=0|M3=0
2025-10-15,111588.0,buy_on_spot,86776.5,static_m1_hedge,76143.0,buy_m1_future,76838.0,P=1000|M1=1000|M2=0|M3=0
2025-10-16,112077.59999999999,buy_on_spot,87316.08,static_m1_hedge,76704.0,buy_m1_future,77397.6,P=1000|M1=1000|M2=0|M3=0
2025-10-17,109639.79999999999,buy_on_spot,87263.04000000001,static_m1_hedge,77673.0,buy_m1_future,78299.8,P=1000|M1=1000|M2=0|M3=0
2025-10-18,82436.4,buy_on_spot,79102.02,static_m1_hedge,77673.0,buy_m1_future,77766.4,P=1000|M1=1000|M2=0|M3=0
2025-10-19,33435.6,buy_on_spot,64401.780000000006,static_m1_hedge,77673.0,buy_m1_future,76805.6,P=1000|M1=1000|M2=0|M3=0
2025-10-20,41820.0,buy_on_spot,65310.600000000006,static_m1_hedge,75378.0,buy_m1_future,74720.0,P=1000|M1=1000|M2=0|M3=0
2025-10-21,39127.2,buy_on_spot,63860.16,static_m1_hedge,74460.0,buy_m1_future,73767.2,P=1000|M1=1000|M2=0|M3=0
2025-10-22,28060.2,buy_on_spot,59361.95999999999,static_m1_hedge,72777.0,buy_m1_future,144600.0,P=1000|M1=1000|M2=500|M3=500
2025-10-23,24061.8,buy_on_spot,56484.54,static_m1_hedge,70380.0,buy_m1_future,50066.8,P=1000|M1=0|M2=0|M3=500
2025-10-24,93666.59999999999,buy_on_spot,75152.58,static_m1_hedge,67218.0,buy_m1_future,67736.6,P=1000|M1=1000|M2=0|M3=0
2025-10-25,82518.0,buy_on_spot,71808.0,static_m1_hedge,67218.0,buy_m1_future,67518.0,P=1000|M1=1000|M2=0|M3=0
2025-10-26,52305.6,buy_on_spot,62744.280000000006,static_m1_hedge,67218.0,buy_m1_future,66925.6,P=1000|M1=1000|M2=0|M3=0
2025-10-27,91514.4,buy_on_spot,75149.51999999999,static_m1_hedge,68136.0,buy_m1_future,68594.4,P=1000|M1=1000|M2=0|M3=0
2025-10-28,103550.4,buy_on_spot,82615.92,static_m1_hedge,73644.0,buy_m1_future,74230.4,P=1000|M1=1000|M2=0|M3=0
2025-10-29,106579.79999999999,buy_on_spot,85809.54000000001,static_m1_hedge,76908.0,buy_m1_future,77489.8,P=1000|M1=1000|M2=0|M3=0
2025-10-30,91045.20000000001,buy_on_spot,80506.56,static_m1_hedge,75990.0,buy_m1_future,76285.2,P=1000|M1=1000|M2=0|M3=0
2025-10-31,56905.799999999996,buy_on_spot,68122.73999999999,static_m1_hedge,72930.0,buy_m1_future,70615.8,P=1000|M1=0|M2=1000|M3=0
2025-11-01,46491.6,buy_on_spot,64998.479999999996,static_m1_hedge,72930.0,buy_m1_future,72411.6,P=1000|M1=1000|M2=0|M3=0
2025-11-02,40820.4,buy_on_spot,63297.12,static_m1_hedge,72930.0,buy_m1_future,75020.4,P=1000|M1=0|M2=0|M3=1000
2025-11-03,84435.6,buy_on_spot,75846.18,static_m1_hedge,72165.0,buy_m1_future,146060.0,P=1000|M1=1000|M2=1000|M3=0
2025-11-04,50428.799999999996,buy_on_spot,66536.64,static_m1_hedge,73440.0,buy_m1_future,72988.8,P=1000|M1=1000|M2=0|M3=0
2025-11-05,28305.0,buy_on_spot,58150.2,static_m1_hedge,70941.0,buy_m1_future,70105.0,P=1000|M1=1000|M2=0|M3=0
2025-11-06,41055.0,buy_on_spot,61118.399999999994,static_m1_hedge,41055.0,do_nothing,69155.0,P=1000|M1=1000|M2=0|M3=0
2025-11-07,69584.4,buy_on_spot,67999.32,static_m1_hedge,67320.0,buy_m1_future,107835.0,P=1000|M1=0|M2=1000|M3=500
2025-11-08,41993.4,buy_on_spot,59722.020000000004,static_m1_hedge,67320.0,buy_m1_future,103270.0,P=1000|M1=500|M2=0|M3=1000
2025-11-09,59058.0,buy_on_spot,64841.399999999994,static_m1_hedge,67320.0,buy_m1_future,66458.0,P=1000|M1=0|M2=500|M3=0
2025-11-10,83323.8,buy_on_spot,72478.14,static_m1_hedge,67830.0,buy_m1_future,105190.0,P=1000|M1=0|M2=500|M3=1000
2025-11-11,68217.59999999999,buy_on_spot,69267.18,static_m1_hedge,69717.0,buy_m1_future,69687.6,P=1000|M1=1000|M2=0|M3=0
2025-11-12,28335.600000000002,buy_on_spot,57980.88,static_m1_hedge,70686.0,buy_m1_future,104085.0,P=1000|M1=1000|M2=0|M3=500
2025-11-13,32538.0,buy_on_spot,58670.4,static_m1_hedge,32538.0,do_nothing,69138.0,P=1000|M1=1000|M2=0|M3=0
2025-11-14,29977.8,buy_on_spot,58866.23999999999,static_m1_hedge,29977.8,do_nothing,70437.8,P=1000|M1=1000|M2=0|M3=0
2025-11-15,32089.2,buy_on_spot,59499.659999999996,static_m1_hedge,71247.0,buy_m1_future,70479.2,P=1000|M1=1000|M2=0|M3=0
2025-11-16,34822.8,buy_on_spot,60319.73999999999,static_m1_hedge,71247.0,buy_m1_future,70532.8,P=1000|M1=1000|M2=0|M3=0
2025-11-17,80794.2,buy_on_spot,72683.15999999999,static_m1_hedge,69207.0,buy_m1_future,69434.2,P=1000|M1=1000|M2=0|M3=0
2025-11-18,80661.59999999999,buy_on_spot,72750.48,static_m1_hedge,69360.0,buy_m1_future,69581.6,P=1000|M1=1000|M2=0|M3=0
2025-11-19,102163.2,buy_on_spot,77772.95999999999,static_m1_hedge,67320.0,buy_m1_future,68003.2,P=1000|M1=1000|M2=0|M3=0
2025-11-20,86230.8,buy_on_spot,73778.64,static_m1_hedge,86230.8,do_nothing,68790.8,P=1000|M1=1000|M2=0|M3=0
2025-11-21,61342.8,buy_on_spot,64598.64,static_m1_hedge,65994.0,buy_m1_future,65902.8,P=1000|M1=1000|M2=0|M3=0
2025-11-22,60251.4,buy_on_spot,64271.22,static_m1_hedge,65994.0,buy_m1_future,65881.4,P=1000|M1=1000|M2=0|M3=0
2025-11-23,40677.600000000006,buy_on_spot,58399.08,static_m1_hedge,65994.0,buy_m1_future,65497.6,P=1000|M1=1000|M2=0|M3=0
2025-11-24,42605.4,buy_on_spot,58227.72,static_m1_hedge,64923.0,buy_m1_future,64485.4,P=1000|M1=1000|M2=0|M3=0
2025-11-25,49133.4,buy_on_spot,60364.619999999995,static_m1_hedge,65178.0,buy_m1_future,64863.4,P=1000|M1=1000|M2=0|M3=0
2025-11-26,70594.2,buy_on_spot,65731.86,static_m1_hedge,63648.0,buy_m1_future,63784.2,P=1000|M1=1000|M2=0|M3=0
2025-11-27,87740.4,buy_on_spot,70947.12,static_m1_hedge,63750.0,buy_m1_future,64220.4,P=1000|M1=1000|M2=0|M3=0
2025-11-28,100704.6,buy_on_spot,75086.28,static_m1_hedge,64107.0,buy_m1_future,96400.0,P=1000|M1=1000|M2=500|M3=0
2025-11-29,83874.6,buy_on_spot,70037.28,static_m1_hedge,64107.0,buy_m1_future,64494.6,P=1000|M1=1000|M2=0|M3=0
2025-11-30,76418.40000000001,buy_on_spot,67800.42,static_m1_hedge,64107.0,buy_m1_future,64348.4,P=1000|M1=1000|M2=0|M3=0
2025-12-01,93615.6,buy_on_spot,74780.28,static_m1_hedge,66708.0,buy_m1_future,67235.6,P=1000|M1=1000|M2=0|M3=0
2025-12-02,90423.0,buy_on_spot,73429.79999999999,static_m1_hedge,66147.0,buy_m1_future,78523.0,P=1000|M1=500|M2=0|M3=0
2025-12-03,71828.40000000001,buy_on_spot,69029.52,static_m1_hedge,67830.0,buy_m1_future,67908.4,P=1000|M1=1000|M2=0|M3=0
2025-12-04,66065.4,buy_on_spot,67086.42,static_m1_hedge,67524.0,buy_m1_future,67495.4,P=1000|M1=1000|M2=0|M3=0
2025-12-05,72022.2,buy_on_spot,69159.06,static_m1_hedge,67932.0,buy_m1_future,68012.2,P=1000|M1=1000|M2=0|M3=0
2025-12-06,33731.4,buy_on_spot,57671.81999999999,static_m1_hedge,67932.0,buy_m1_future,67261.4,P=1000|M1=1000|M2=0|M3=0
2025-12-07,32946.0,buy_on_spot,57436.2,static_m1_hedge,67932.0,buy_m1_future,67246.0,P=1000|M1=1000|M2=0|M3=0
2025-12-08,56426.4,buy_on_spot,64765.92,static_m1_hedge,68340.0,buy_m1_future,58416.4,P=1000|M1=0|M2=500|M3=0
2025-12-09,64433.4,buy_on_spot,68060.52,static_m1_hedge,69615.0,buy_m1_future,69513.4,P=1000|M1=1000|M2=0|M3=0
2025-12-10,105070.20000000001,buy_on_spot,79180.56,static_m1_hedge,68085.0,buy_m1_future,68810.2,P=1000|M1=1000|M2=0|M3=0
2025-12-11,98113.8,buy_on_spot,77879.04,static_m1_hedge,69207.0,buy_m1_future,69773.8,P=1000|M1=1000|M2=0|M3=0
2025-12-12,99133.8,buy_on_spot,78470.64,static_m1_hedge,69615.0,buy_m1_future,70193.8,P=1000|M1=1000|M2=0|M3=0
2025-12-13,80784.0,buy_on_spot,72965.7,static_m1_hedge,69615.0,buy_m1_future,83700.0,P=1000|M1=0|M2=1000|M3=500
2025-12-14,80141.4,buy_on_spot,72772.92,static_m1_hedge,69615.0,buy_m1_future,69821.4,P=1000|M1=1000|M2=0|M3=0
2025-12-15,94319.4,buy_on_spot,77240.51999999999,static_m1_hedge,69921.0,buy_m1_future,82359.4,P=1000|M1=500|M2=0|M3=0
2025-12-16,96420.6,buy_on_spot,78085.07999999999,static_m1_hedge,70227.0,buy_m1_future,70740.6,P=1000|M1=1000|M2=0|M3=0
2025-12-17,103438.2,buy_on_spot,80440.26000000001,static_m1_hedge,70584.0,buy_m1_future,71228.2,P=1000|M1=1000|M2=0|M3=0
2025-12-18,86751.0,buy_on_spot,75434.1,static_m1_hedge,70584.0,buy_m1_future,70901.0,P=1000|M1=1000|M2=0|M3=0
2025-12-19,104815.20000000001,buy_on_spot,81781.56,static_m1_hedge,71910.0,buy_m1_future,72555.2,P=1000|M1=1000|M2=0|M3=0
2025-12-20,72185.4,buy_on_spot,71992.62,static_m1_hedge,71910.0,buy_m1_future,71915.4,P=1000|M1=1000|M2=0|M3=0
2025-12-21,62709.6,buy_on_spot,69149.88,static_m1_hedge,71910.0,buy_m1_future,71729.6,P=1000|M1=1000|M2=0|M3=0
2025-12-22,72012.0,buy_on_spot,72012.0,static_m1_hedge,72012.0,buy_m1_future,72012.0,P=1000|M1=1000|M2=0|M3=0
2025-12-23,79468.2,buy_on_spot,75962.45999999999,static_m1_hedge,74460.0,buy_m1_future,74558.2,P=1000|M1=1000|M2=0|M3=0
2025-12-24,41452.8,buy_on_spot,64557.84,static_m1_hedge,74460.0,buy_m1_future,48702.8,P=1000|M1=0|M2=0|M3=1000
2025-12-25,49674.0,buy_on_spot,67024.2,static_m1_hedge,74460.0,buy_m1_future,73974.0,P=1000|M1=1000|M2=0|M3=0
2025-12-26,90984.0,buy_on_spot,79417.2,static_m1_hedge,74460.0,buy_m1_future,74784.0,P=1000|M1=1000|M2=0|M3=0
2025-12-27,81722.40000000001,buy_on_spot,76638.72,static_m1_hedge,74460.0,buy_m1_future,74602.4,P=1000|M1=1000|M2=0|M3=0
2025-12-28,80518.8,buy_on_spot,76277.64,static_m1_hedge,74460.0,buy_m1_future,74578.8,P=1000|M1=1000|M2=0|M3=0
2025-12-29,109344.0,buy_on_spot,83318.70000000001,static_m1_hedge,72165.0,buy_m1_future,72894.0,P=1000|M1=1000|M2=0|M3=0
2025-12-30,93054.6,buy_on_spot,78610.38,static_m1_hedge,72420.0,buy_m1_future,72824.6,P=1000|M1=1000|M2=0|M3=0
2025-12-31,99776.4,buy_on_spot,80812.56,static_m1_hedge,72685.20000000001,buy_m1_future,73216.4,P=1000|M1=1000|M2=0|M3=0
